,Unnamed: 0,labels,bbox,image_path,mask_path,food_labels
0,0,['dish'],"['[58.0, 0.0, 1142.0, 1496.0]']",/home/malav/Downloads/datasets/pp_dataset/data_to_test/images/0000.png,0000_mask.png,['Pumpkin_seed_rolls']
1,1,['dish'],"['[0.0, 0.0, 1200.0, 1600.0]']",/home/malav/Downloads/datasets/pp_dataset/data_to_test/images/0001.png,0001_mask.png,['Three-grain_rolls']
2,2,['dish'],"['[0.0, 0.0, 1178.0, 1516.0]']",/home/malav/Downloads/datasets/pp_dataset/data_to_test/images/0002.png,0002_mask.png,['Croissant']
3,3,['dish'],"['[30.0, 0.0, 1170.0, 1600.0]']",/home/malav/Downloads/datasets/pp_dataset/data_to_test/images/0003.png,0003_mask.png,['Danish_Pastry']
4,4,['dish'],"['[0.0, 0.0, 1200.0, 1600.0]']",/home/malav/Downloads/datasets/pp_dataset/data_to_test/images/0004.png,0004_mask.png,['Pain_au_Chocolat']
5,5,['dish'],"['[0.0, 0.0, 1200.0, 1600.0]']",/home/malav/Downloads/datasets/pp_dataset/data_to_test/images/0005.png,0005_mask.png,['Poppy_seed_buns']
6,6,['dish'],"['[0.0, 0.0, 1200.0, 1600.0]']",/home/malav/Downloads/datasets/pp_dataset/data_to_test/images/0006.png,0006_mask.png,['Korz_Muck_rolls']
7,7,['dish'],"['[33.0, 0.0, 1167.0, 1600.0]']",/home/malav/Downloads/datasets/pp_dataset/data_to_test/images/0007.png,0007_mask.png,['Sesame_buns']
8,8,['dish'],"['[0.0, 0.0, 1200.0, 1600.0]']",/home/malav/Downloads/datasets/pp_dataset/data_to_test/images/0008.png,0008_mask.png,['Farmers_bread']
9,9,['dish'],"['[0.0, 0.0, 1200.0, 1600.0]']",/home/malav/Downloads/datasets/pp_dataset/data_to_test/images/0009.png,0009_mask.png,['Pro_Boddy_Bread']
10,10,['dish'],"['[0.0, 0.0, 1197.0, 1600.0]']",/home/malav/Downloads/datasets/pp_dataset/data_to_test/images/0010.png,0010_mask.png,['Nuremberg_sausages_']
11,11,['dish'],"['[0.0, 0.0, 1200.0, 1600.0]']",/home/malav/Downloads/datasets/pp_dataset/data_to_test/images/0011.png,0011_mask.png,['Grilled_mushrooms']
12,12,['dish'],"['[0.0, 0.0, 1200.0, 1600.0]']",/home/malav/Downloads/datasets/pp_dataset/data_to_test/images/0012.png,0012_mask.png,['Egg_Benedict']
13,13,['dish'],"['[0.0, 0.0, 1200.0, 1600.0]']",/home/malav/Downloads/datasets/pp_dataset/data_to_test/images/0013.png,0013_mask.png,['Egg_Benedict']
14,14,['dish'],"['[0.0, 0.0, 1200.0, 1600.0]']",/home/malav/Downloads/datasets/pp_dataset/data_to_test/images/0014.png,0014_mask.png,['Hash_browns']
15,15,['dish'],"['[0.0, 0.0, 1200.0, 1600.0]']",/home/malav/Downloads/datasets/pp_dataset/data_to_test/images/0015.png,0015_mask.png,['Bacon']
16,16,['dish'],"['[0.0, 0.0, 1200.0, 1600.0]']",/home/malav/Downloads/datasets/pp_dataset/data_to_test/images/0016.png,0016_mask.png,['Scrambled_eggs']
17,17,['dish'],"['[0.0, 102.0, 1200.0, 1498.0]']",/home/malav/Downloads/datasets/pp_dataset/data_to_test/images/0017.png,0017_mask.png,['Pancakes']
18,18,['dish'],"['[0.0, 0.0, 1180.0, 1600.0]']",/home/malav/Downloads/datasets/pp_dataset/data_to_test/images/0018.png,0018_mask.png,['Hard_boiled_eggs']
19,19,['dish'],"['[30.0, 14.0, 1169.0, 1586.0]']",/home/malav/Downloads/datasets/pp_dataset/data_to_test/images/0019.png,0019_mask.png,['Scrambled_eggs']
20,20,['dish'],"['[0.0, 75.0, 1075.0, 1495.0]']",/home/malav/Downloads/datasets/pp_dataset/data_to_test/images/0020.png,0020_mask.png,['Bacon']
21,21,['dish'],"['[51.0, 193.0, 1133.0, 1397.0]']",/home/malav/Downloads/datasets/pp_dataset/data_to_test/images/0021.png,0021_mask.png,['Grilled_vegetables']
22,22,['dish'],"['[0.0, 65.0, 1200.0, 1535.0]']",/home/malav/Downloads/datasets/pp_dataset/data_to_test/images/0022.png,0022_mask.png,['Local_sausages']
23,23,['dish'],"['[1.0, 0.0, 1199.0, 1600.0]']",/home/malav/Downloads/datasets/pp_dataset/data_to_test/images/0023.png,0023_mask.png,['Oven_roast_potato']
24,24,['dish'],"['[0.0, 126.0, 1180.0, 1367.0]']",/home/malav/Downloads/datasets/pp_dataset/data_to_test/images/0024.png,0024_mask.png,['Danish_Pastry']
25,25,['dish'],"['[0.0, 0.0, 1200.0, 1391.0]']",/home/malav/Downloads/datasets/pp_dataset/data_to_test/images/0025.png,0025_mask.png,['Poppy_seed_buns']
26,26,['dish'],"['[0.0, 0.0, 1200.0, 1475.0]']",/home/malav/Downloads/datasets/pp_dataset/data_to_test/images/0026.png,0026_mask.png,['Sesame_buns']
27,27,['dish'],"['[0.0, 49.0, 1200.0, 1363.0]']",/home/malav/Downloads/datasets/pp_dataset/data_to_test/images/0027.png,0027_mask.png,['Korz_Muck_rolls']
28,28,['dish'],"['[0.0, 2.0, 1200.0, 1372.0]']",/home/malav/Downloads/datasets/pp_dataset/data_to_test/images/0028.png,0028_mask.png,['Pain_au_Chocolat']
29,29,['dish'],"['[5.0, 0.0, 1195.0, 1376.0]']",/home/malav/Downloads/datasets/pp_dataset/data_to_test/images/0029.png,0029_mask.png,['Pumpkin_seed_rolls']
30,30,['dish'],"['[0.0, 0.0, 1150.0, 1429.0]']",/home/malav/Downloads/datasets/pp_dataset/data_to_test/images/0030.png,0030_mask.png,['Three-grain_rolls']
31,31,['dish'],"['[45.0, 23.0, 1155.0, 1516.0]']",/home/malav/Downloads/datasets/pp_dataset/data_to_test/images/0031.png,0031_mask.png,['Farmers_bread']
32,32,['dish'],"['[0.0, 0.0, 1200.0, 1600.0]']",/home/malav/Downloads/datasets/pp_dataset/data_to_test/images/0032.png,0032_mask.png,['Sonnenigel_Bread']
33,33,['dish'],"['[16.0, 0.0, 1184.0, 1554.0]']",/home/malav/Downloads/datasets/pp_dataset/data_to_test/images/0033.png,0033_mask.png,['Hard_boiled_eggs']
34,34,['dish'],"['[0.0, 0.0, 1200.0, 1600.0]']",/home/malav/Downloads/datasets/pp_dataset/data_to_test/images/0034.png,0034_mask.png,['Nuremberg_sausages_']
35,35,['dish'],"['[0.0, 0.0, 1200.0, 1600.0]']",/home/malav/Downloads/datasets/pp_dataset/data_to_test/images/0035.png,0035_mask.png,['Bacon']
36,36,['dish'],"['[0.0, 0.0, 1200.0, 1600.0]']",/home/malav/Downloads/datasets/pp_dataset/data_to_test/images/0036.png,0036_mask.png,['Teriyaki_vegetables']
37,37,['dish'],"['[0.0, 0.0, 1200.0, 1600.0]']",/home/malav/Downloads/datasets/pp_dataset/data_to_test/images/0037.png,0037_mask.png,['Scrambled_eggs']
38,38,['dish'],"['[0.0, 0.0, 1200.0, 1600.0]']",/home/malav/Downloads/datasets/pp_dataset/data_to_test/images/0038.png,0038_mask.png,['Breakfast_Cous_Cous']
39,39,['dish'],"['[0.0, 0.0, 1200.0, 1600.0]']",/home/malav/Downloads/datasets/pp_dataset/data_to_test/images/0039.png,0039_mask.png,['Three-grain_rolls']
40,40,['dish'],"['[12.0, 0.0, 1188.0, 1506.0]']",/home/malav/Downloads/datasets/pp_dataset/data_to_test/images/0040.png,0040_mask.png,['Korz_Muck_rolls']
41,41,['dish'],"['[51.0, 0.0, 1149.0, 1521.0]']",/home/malav/Downloads/datasets/pp_dataset/data_to_test/images/0041.png,0041_mask.png,['Pumpkin_seed_rolls']
42,42,['dish'],"['[0.0, 48.0, 1170.0, 1552.0]']",/home/malav/Downloads/datasets/pp_dataset/data_to_test/images/0042.png,0042_mask.png,['Sesame_buns']
43,43,['dish'],"['[0.0, 0.0, 1200.0, 1600.0]']",/home/malav/Downloads/datasets/pp_dataset/data_to_test/images/0043.png,0043_mask.png,['Poppy_seed_buns']
44,44,['dish'],"['[20.0, 0.0, 1180.0, 1600.0]']",/home/malav/Downloads/datasets/pp_dataset/data_to_test/images/0044.png,0044_mask.png,['Croissant']
45,45,['dish'],"['[0.0, 0.0, 1200.0, 1600.0]']",/home/malav/Downloads/datasets/pp_dataset/data_to_test/images/0045.png,0045_mask.png,['Danish_Pastry']
46,46,['dish'],"['[0.0, 0.0, 1200.0, 1600.0]']",/home/malav/Downloads/datasets/pp_dataset/data_to_test/images/0046.png,0046_mask.png,['Pain_au_Chocolat']
47,47,['dish'],"['[0.0, 0.0, 1200.0, 1600.0]']",/home/malav/Downloads/datasets/pp_dataset/data_to_test/images/0047.png,0047_mask.png,['Farmers_bread']
48,48,['dish'],"['[0.0, 0.0, 1200.0, 1600.0]']",/home/malav/Downloads/datasets/pp_dataset/data_to_test/images/0048.png,0048_mask.png,['Three-grain_baguette']
49,49,['dish'],"['[0.0, 0.0, 1200.0, 1600.0]']",/home/malav/Downloads/datasets/pp_dataset/data_to_test/images/0049.png,0049_mask.png,['Sonnenigel_Bread']
50,50,['dish'],"['[0.0, 0.0, 1200.0, 1600.0]']",/home/malav/Downloads/datasets/pp_dataset/data_to_test/images/0050.png,0050_mask.png,['Pro_Boddy_Bread']
51,51,['dish'],"['[146.0, 147.0, 878.0, 1223.0]']",/home/malav/Downloads/datasets/pp_dataset/data_to_test/images/0051.png,0051_mask.png,['Croissant']
52,52,['dish'],"['[158.0, 222.0, 882.0, 1118.0]']",/home/malav/Downloads/datasets/pp_dataset/data_to_test/images/0052.png,0052_mask.png,['Pain_au_Chocolat']
53,53,['dish'],"['[144.0, 128.0, 1056.0, 1309.0]']",/home/malav/Downloads/datasets/pp_dataset/data_to_test/images/0053.png,0053_mask.png,['Danish_Pastry']
54,54,['dish'],"['[195.0, 332.0, 722.0, 939.0]']",/home/malav/Downloads/datasets/pp_dataset/data_to_test/images/0054.png,0054_mask.png,['Korz_Muck_rolls']
55,55,['dish'],"['[141.0, 194.0, 868.0, 1138.0]']",/home/malav/Downloads/datasets/pp_dataset/data_to_test/images/0055.png,0055_mask.png,['Farmers_bread']
56,56,['dish'],"['[115.0, 274.0, 893.0, 1174.0]']",/home/malav/Downloads/datasets/pp_dataset/data_to_test/images/0056.png,0056_mask.png,['Three-grain_baguette']
57,57,['dish'],"['[60.0, 94.0, 1033.0, 1400.0]']",/home/malav/Downloads/datasets/pp_dataset/data_to_test/images/0057.png,0057_mask.png,['Bacon']
58,58,['dish'],"['[107.0, 156.0, 907.0, 1315.0]']",/home/malav/Downloads/datasets/pp_dataset/data_to_test/images/0058.png,0058_mask.png,['Grilled_vegetables']
59,59,['dish'],"['[83.0, 152.0, 965.0, 1348.0]']",/home/malav/Downloads/datasets/pp_dataset/data_to_test/images/0059.png,0059_mask.png,['Egg_Benedict']
60,60,['dish'],"['[83.0, 152.0, 965.0, 1348.0]']",/home/malav/Downloads/datasets/pp_dataset/data_to_test/images/0060.png,0060_mask.png,['Egg_Benedict']
61,61,['dish'],"['[22.0, 64.0, 1024.0, 1421.0]']",/home/malav/Downloads/datasets/pp_dataset/data_to_test/images/0061.png,0061_mask.png,['Oven_roast_potato']
62,62,['dish'],"['[70.0, 91.0, 1058.0, 1400.0]']",/home/malav/Downloads/datasets/pp_dataset/data_to_test/images/0062.png,0062_mask.png,['Scrambled_eggs']
63,63,['dish'],"['[91.0, 94.0, 999.0, 1439.0]']",/home/malav/Downloads/datasets/pp_dataset/data_to_test/images/0063.png,0063_mask.png,['Kaiserschmarren']
64,64,['dish'],"['[1.0, 0.0, 1199.0, 1600.0]']",/home/malav/Downloads/datasets/pp_dataset/data_to_test/images/0064.png,0064_mask.png,['Bacon']
65,65,['dish'],"['[16.0, 0.0, 1104.0, 1520.0]']",/home/malav/Downloads/datasets/pp_dataset/data_to_test/images/0065.png,0065_mask.png,['Breakfast_Cous_Cous']
66,66,['dish'],"['[129.0, 52.0, 991.0, 1439.0]']",/home/malav/Downloads/datasets/pp_dataset/data_to_test/images/0066.png,0066_mask.png,['Teriyaki_vegetables']
67,67,['dish'],"['[85.0, 0.0, 1085.0, 1541.0]']",/home/malav/Downloads/datasets/pp_dataset/data_to_test/images/0067.png,0067_mask.png,['Nuremberg_sausages_']
68,68,['dish'],"['[134.0, 38.0, 1044.0, 1551.0]']",/home/malav/Downloads/datasets/pp_dataset/data_to_test/images/0068.png,0068_mask.png,['Scrambled_eggs']
69,69,['dish'],"['[0.0, 0.0, 1197.0, 1514.0]']",/home/malav/Downloads/datasets/pp_dataset/data_to_test/images/0069.png,0069_mask.png,['Danish_Pastry']
70,70,['dish'],"['[0.0, 0.0, 1200.0, 1600.0]']",/home/malav/Downloads/datasets/pp_dataset/data_to_test/images/0070.png,0070_mask.png,['Pumpkin_seed_rolls']
71,71,['dish'],"['[0.0, 0.0, 1200.0, 1600.0]']",/home/malav/Downloads/datasets/pp_dataset/data_to_test/images/0071.png,0071_mask.png,['Three-grain_rolls']
72,72,['dish'],"['[0.0, 0.0, 1200.0, 1600.0]']",/home/malav/Downloads/datasets/pp_dataset/data_to_test/images/0072.png,0072_mask.png,['Poppy_seed_buns']
73,73,['dish'],"['[0.0, 0.0, 1138.0, 1600.0]']",/home/malav/Downloads/datasets/pp_dataset/data_to_test/images/0073.png,0073_mask.png,['Croissant']
74,74,['dish'],"['[0.0, 0.0, 1200.0, 1600.0]']",/home/malav/Downloads/datasets/pp_dataset/data_to_test/images/0074.png,0074_mask.png,['Sesame_buns']
75,75,['dish'],"['[0.0, 0.0, 1200.0, 1600.0]']",/home/malav/Downloads/datasets/pp_dataset/data_to_test/images/0075.png,0075_mask.png,['Korz_Muck_rolls']
76,76,['dish'],"['[0.0, 56.0, 1200.0, 1509.0]']",/home/malav/Downloads/datasets/pp_dataset/data_to_test/images/0076.png,0076_mask.png,['Three-grain_baguette']
77,77,['dish'],"['[0.0, 214.0, 1200.0, 1324.0]']",/home/malav/Downloads/datasets/pp_dataset/data_to_test/images/0077.png,0077_mask.png,['Farmers_bread']
78,78,['dish'],"['[28.0, 60.0, 1146.0, 1540.0]']",/home/malav/Downloads/datasets/pp_dataset/data_to_test/images/0078.png,0078_mask.png,['Egg_Benedict']
79,79,['dish'],"['[28.0, 60.0, 1146.0, 1540.0]']",/home/malav/Downloads/datasets/pp_dataset/data_to_test/images/0079.png,0079_mask.png,['Egg_Benedict']
80,80,['dish'],"['[98.0, 90.0, 959.0, 1362.0]']",/home/malav/Downloads/datasets/pp_dataset/data_to_test/images/0080.png,0080_mask.png,['Scrambled_eggs']
81,81,['dish'],"['[164.0, 160.0, 997.0, 1306.0]']",/home/malav/Downloads/datasets/pp_dataset/data_to_test/images/0081.png,0081_mask.png,['Local_sausages']
82,82,['dish'],"['[0.0, 0.0, 1200.0, 1600.0]']",/home/malav/Downloads/datasets/pp_dataset/data_to_test/images/0082.png,0082_mask.png,['Grilled_vegetables']
83,83,['dish'],"['[0.0, 0.0, 1200.0, 1600.0]']",/home/malav/Downloads/datasets/pp_dataset/data_to_test/images/0083.png,0083_mask.png,['Bacon']
84,84,['dish'],"['[122.0, 102.0, 1029.0, 1398.0]']",/home/malav/Downloads/datasets/pp_dataset/data_to_test/images/0084.png,0084_mask.png,['Hash_browns']
85,85,['dish'],"['[0.0, 151.0, 1112.0, 1216.0]']",/home/malav/Downloads/datasets/pp_dataset/data_to_test/images/0085.png,0085_mask.png,['Pain_au_Chocolat']
86,86,['dish'],"['[0.0, 0.0, 1200.0, 1600.0]']",/home/malav/Downloads/datasets/pp_dataset/data_to_test/images/0086.png,0086_mask.png,['Korz_Muck_rolls']
87,87,['dish'],"['[0.0, 148.0, 1200.0, 1242.0]']",/home/malav/Downloads/datasets/pp_dataset/data_to_test/images/0087.png,0087_mask.png,['Sesame_buns']
88,88,['dish'],"['[41.0, 132.0, 1159.0, 1411.0]']",/home/malav/Downloads/datasets/pp_dataset/data_to_test/images/0088.png,0088_mask.png,['Pumpkin_seed_rolls']
89,89,['dish'],"['[46.0, 26.0, 1096.0, 1268.0]']",/home/malav/Downloads/datasets/pp_dataset/data_to_test/images/0089.png,0089_mask.png,['Danish_Pastry']
90,90,['dish'],"['[33.0, 136.0, 1091.0, 1205.0]']",/home/malav/Downloads/datasets/pp_dataset/data_to_test/images/0090.png,0090_mask.png,['Three-grain_rolls']
91,91,['dish'],"['[87.0, 126.0, 1113.0, 1384.0]']",/home/malav/Downloads/datasets/pp_dataset/data_to_test/images/0091.png,0091_mask.png,['Croissant']
92,92,['dish'],"['[114.0, 0.0, 1086.0, 1280.0]']",/home/malav/Downloads/datasets/pp_dataset/data_to_test/images/0092.png,0092_mask.png,['Three-grain_baguette']
93,93,['dish'],"['[68.0, 0.0, 1132.0, 1336.0]']",/home/malav/Downloads/datasets/pp_dataset/data_to_test/images/0093.png,0093_mask.png,['Farmers_bread']
94,94,['dish'],"['[0.0, 0.0, 1195.0, 1600.0]']",/home/malav/Downloads/datasets/pp_dataset/data_to_test/images/0094.png,0094_mask.png,['Pro_Boddy_Bread']
95,95,['dish'],"['[118.0, 179.0, 913.0, 1288.0]']",/home/malav/Downloads/datasets/pp_dataset/data_to_test/images/0095.png,0095_mask.png,['Hash_browns']
96,96,['dish'],"['[157.0, 198.0, 883.0, 1239.0]']",/home/malav/Downloads/datasets/pp_dataset/data_to_test/images/0096.png,0096_mask.png,['Scrambled_eggs']
97,97,['dish'],"['[222.0, 193.0, 902.0, 1255.0]']",/home/malav/Downloads/datasets/pp_dataset/data_to_test/images/0097.png,0097_mask.png,['Nuremberg_sausages_']
98,98,['dish'],"['[190.0, 148.0, 934.0, 1323.0]']",/home/malav/Downloads/datasets/pp_dataset/data_to_test/images/0098.png,0098_mask.png,['Egg_Benedict']
99,99,['dish'],"['[190.0, 148.0, 934.0, 1323.0]']",/home/malav/Downloads/datasets/pp_dataset/data_to_test/images/0099.png,0099_mask.png,['Egg_Benedict']
100,100,['dish'],"['[110.0, 71.0, 1013.0, 1450.0]']",/home/malav/Downloads/datasets/pp_dataset/data_to_test/images/0100.png,0100_mask.png,['Bacon']
101,101,['dish'],"['[146.0, 129.0, 948.0, 1361.0]']",/home/malav/Downloads/datasets/pp_dataset/data_to_test/images/0101.png,0101_mask.png,['Grilled_mushrooms']
102,102,['dish'],"['[135.0, 289.0, 865.0, 1045.0]']",/home/malav/Downloads/datasets/pp_dataset/data_to_test/images/0102.png,0102_mask.png,['Croissant']
103,103,['dish'],"['[26.0, 40.0, 1174.0, 1437.0]']",/home/malav/Downloads/datasets/pp_dataset/data_to_test/images/0103.png,0103_mask.png,['Danish_Pastry']
104,104,['dish'],"['[73.0, 130.0, 1025.0, 1272.0]']",/home/malav/Downloads/datasets/pp_dataset/data_to_test/images/0104.png,0104_mask.png,['Korz_Muck_rolls']
105,105,['dish'],"['[14.0, 68.0, 1170.0, 1493.0]']",/home/malav/Downloads/datasets/pp_dataset/data_to_test/images/0105.png,0105_mask.png,['Three-grain_rolls']
106,106,['dish'],"['[187.0, 293.0, 928.0, 1207.0]']",/home/malav/Downloads/datasets/pp_dataset/data_to_test/images/0106.png,0106_mask.png,['Pain_au_Chocolat']
107,107,['dish'],"['[130.0, 25.0, 1004.0, 1258.0]']",/home/malav/Downloads/datasets/pp_dataset/data_to_test/images/0107.png,0107_mask.png,['Poppy_seed_buns']
108,108,['dish'],"['[11.0, 45.0, 1098.0, 1528.0]']",/home/malav/Downloads/datasets/pp_dataset/data_to_test/images/0108.png,0108_mask.png,['Sesame_buns']
109,109,['dish'],"['[70.0, 75.0, 1130.0, 1395.0]']",/home/malav/Downloads/datasets/pp_dataset/data_to_test/images/0109.png,0109_mask.png,['Pumpkin_seed_rolls']
110,110,['dish'],"['[43.0, 44.0, 1127.0, 1396.0]']",/home/malav/Downloads/datasets/pp_dataset/data_to_test/images/0110.png,0110_mask.png,['Three-grain_baguette']
111,111,['dish'],"['[0.0, 38.0, 1165.0, 1536.0]']",/home/malav/Downloads/datasets/pp_dataset/data_to_test/images/0111.png,0111_mask.png,['Pro_Boddy_Bread']
112,112,['dish'],"['[118.0, 197.0, 859.0, 1297.0]']",/home/malav/Downloads/datasets/pp_dataset/data_to_test/images/0112.png,0112_mask.png,['Bacon']
113,113,['dish'],"['[119.0, 71.0, 914.0, 1323.0]']",/home/malav/Downloads/datasets/pp_dataset/data_to_test/images/0113.png,0113_mask.png,['Breakfast_Cous_Cous']
114,114,['dish'],"['[145.0, 195.0, 861.0, 1277.0]']",/home/malav/Downloads/datasets/pp_dataset/data_to_test/images/0114.png,0114_mask.png,['Grilled_mushrooms']
115,115,['dish'],"['[123.0, 156.0, 952.0, 1352.0]']",/home/malav/Downloads/datasets/pp_dataset/data_to_test/images/0115.png,0115_mask.png,['Nuremberg_sausages_']
116,116,['dish'],"['[168.0, 150.0, 776.0, 1240.0]']",/home/malav/Downloads/datasets/pp_dataset/data_to_test/images/0116.png,0116_mask.png,['Scrambled_eggs']
117,117,['dish'],"['[128.0, 162.0, 924.0, 1309.0]']",/home/malav/Downloads/datasets/pp_dataset/data_to_test/images/0117.png,0117_mask.png,['Bacon']
118,118,['dish'],"['[54.0, 77.0, 996.0, 1388.0]']",/home/malav/Downloads/datasets/pp_dataset/data_to_test/images/0118.png,0118_mask.png,['Scrambled_eggs']
119,119,['dish'],"['[102.0, 104.0, 931.0, 1354.0]']",/home/malav/Downloads/datasets/pp_dataset/data_to_test/images/0119.png,0119_mask.png,['Local_sausages']
120,120,['dish'],"['[146.0, 52.0, 911.0, 1424.0]']",/home/malav/Downloads/datasets/pp_dataset/data_to_test/images/0120.png,0120_mask.png,['Grilled_mushrooms']
121,121,['dish'],"['[148.0, 50.0, 940.0, 1421.0]']",/home/malav/Downloads/datasets/pp_dataset/data_to_test/images/0121.png,0121_mask.png,['Hash_browns']
122,122,['dish'],"['[102.0, 9.0, 991.0, 1478.0]']",/home/malav/Downloads/datasets/pp_dataset/data_to_test/images/0122.png,0122_mask.png,['Kaiserschmarren']
123,123,['dish'],"['[241.0, 213.0, 704.0, 1181.0]']",/home/malav/Downloads/datasets/pp_dataset/data_to_test/images/0123.png,0123_mask.png,['Bacon']
124,124,['dish'],"['[184.0, 172.0, 747.0, 1230.0]']",/home/malav/Downloads/datasets/pp_dataset/data_to_test/images/0124.png,0124_mask.png,['Grilled_vegetables']
125,125,['dish'],"['[82.0, 106.0, 935.0, 1370.0]']",/home/malav/Downloads/datasets/pp_dataset/data_to_test/images/0125.png,0125_mask.png,['Hard_boiled_eggs']
126,126,['dish'],"['[219.0, 145.0, 699.0, 1266.0]']",/home/malav/Downloads/datasets/pp_dataset/data_to_test/images/0126.png,0126_mask.png,['Oven_roast_potato']
127,127,['dish'],"['[261.0, 107.0, 838.0, 1378.0]']",/home/malav/Downloads/datasets/pp_dataset/data_to_test/images/0127.png,0127_mask.png,['Nuremberg_sausages_']
128,128,['dish'],"['[148.0, 60.0, 871.0, 1497.0]']",/home/malav/Downloads/datasets/pp_dataset/data_to_test/images/0128.png,0128_mask.png,['Scrambled_eggs']
129,129,['dish'],"['[101.0, 398.0, 770.0, 1112.0]']",/home/malav/Downloads/datasets/pp_dataset/data_to_test/images/0129.png,0129_mask.png,['Baguette']
130,130,['dish'],"['[146.0, 315.0, 939.0, 1162.0]']",/home/malav/Downloads/datasets/pp_dataset/data_to_test/images/0130.png,0130_mask.png,['Baguette']
131,131,['dish'],"['[279.0, 65.0, 562.0, 1535.0]']",/home/malav/Downloads/datasets/pp_dataset/data_to_test/images/0131.png,0131_mask.png,['Croissant']
132,132,['dish'],"['[227.0, 0.0, 595.0, 1600.0]']",/home/malav/Downloads/datasets/pp_dataset/data_to_test/images/0132.png,0132_mask.png,['Danish_Pastry']
133,133,['dish'],"['[99.0, 121.0, 973.0, 1353.0]']",/home/malav/Downloads/datasets/pp_dataset/data_to_test/images/0133.png,0133_mask.png,['Local_sausages']
134,134,['dish'],"['[135.0, 146.0, 928.0, 1317.0]']",/home/malav/Downloads/datasets/pp_dataset/data_to_test/images/0134.png,0134_mask.png,['Teriyaki_vegetables']
135,135,['dish'],"['[194.0, 142.0, 882.0, 1310.0]']",/home/malav/Downloads/datasets/pp_dataset/data_to_test/images/0135.png,0135_mask.png,['Scrambled_eggs']
136,136,['dish'],"['[151.0, 175.0, 827.0, 1302.0]']",/home/malav/Downloads/datasets/pp_dataset/data_to_test/images/0136.png,0136_mask.png,['Bacon']
137,137,['dish'],"['[213.0, 131.0, 888.0, 1316.0]']",/home/malav/Downloads/datasets/pp_dataset/data_to_test/images/0137.png,0137_mask.png,['Kaiserschmarren']
138,138,['dish'],"['[169.0, 91.0, 803.0, 1323.0]']",/home/malav/Downloads/datasets/pp_dataset/data_to_test/images/0138.png,0138_mask.png,['Breakfast_Cous_Cous']
139,139,['dish'],"['[30.0, 2.0, 1099.0, 1571.0]']",/home/malav/Downloads/datasets/pp_dataset/data_to_test/images/0139.png,0139_mask.png,['Scrambled_eggs']
140,140,['dish'],"['[220.0, 66.0, 838.0, 1307.0]']",/home/malav/Downloads/datasets/pp_dataset/data_to_test/images/0140.png,0140_mask.png,['Hash_browns']
141,141,['dish'],"['[225.0, 126.0, 761.0, 1350.0]']",/home/malav/Downloads/datasets/pp_dataset/data_to_test/images/0141.png,0141_mask.png,['Grilled_vegetables']
142,142,['dish'],"['[164.0, 118.0, 819.0, 1301.0]']",/home/malav/Downloads/datasets/pp_dataset/data_to_test/images/0142.png,0142_mask.png,['Nuremberg_sausages_']
143,143,['dish'],"['[208.0, 145.0, 772.0, 1285.0]']",/home/malav/Downloads/datasets/pp_dataset/data_to_test/images/0143.png,0143_mask.png,['Bacon']
144,144,['dish'],"['[224.0, 39.0, 905.0, 1437.0]']",/home/malav/Downloads/datasets/pp_dataset/data_to_test/images/0144.png,0144_mask.png,['Pancakes']
145,145,['dish'],"['[106.0, 126.0, 998.0, 1305.0]']",/home/malav/Downloads/datasets/pp_dataset/data_to_test/images/0145.png,0145_mask.png,['Hard_boiled_eggs']
146,146,['dish'],"['[17.0, 239.0, 1165.0, 1227.0]']",/home/malav/Downloads/datasets/pp_dataset/data_to_test/images/0146.png,0146_mask.png,['Baguette']
147,147,['dish'],"['[36.0, 133.0, 1072.0, 1265.0]']",/home/malav/Downloads/datasets/pp_dataset/data_to_test/images/0147.png,0147_mask.png,['Croissant']
148,148,['dish'],"['[8.0, 40.0, 1184.0, 1492.0]']",/home/malav/Downloads/datasets/pp_dataset/data_to_test/images/0148.png,0148_mask.png,['Danish_Pastry']
149,149,['dish'],"['[17.0, 4.0, 1183.0, 1522.0]']",/home/malav/Downloads/datasets/pp_dataset/data_to_test/images/0149.png,0149_mask.png,['Farmers_bread']
150,150,['dish'],"['[15.0, 195.0, 1171.0, 1207.0]']",/home/malav/Downloads/datasets/pp_dataset/data_to_test/images/0150.png,0150_mask.png,['Korz_Muck_rolls']
151,151,['dish'],"['[0.0, 12.0, 1200.0, 1393.0]']",/home/malav/Downloads/datasets/pp_dataset/data_to_test/images/0151.png,0151_mask.png,['Pro_Boddy_Bread']
152,152,['dish'],"['[95.0, 55.0, 1046.0, 1376.0]']",/home/malav/Downloads/datasets/pp_dataset/data_to_test/images/0152.png,0152_mask.png,['Sesame_buns']
153,153,['dish'],"['[24.0, 78.0, 1176.0, 1418.0]']",/home/malav/Downloads/datasets/pp_dataset/data_to_test/images/0153.png,0153_mask.png,['Three-grain_rolls']
154,154,['dish'],"['[44.0, 24.0, 1156.0, 1521.0]']",/home/malav/Downloads/datasets/pp_dataset/data_to_test/images/0154.png,0154_mask.png,['Pancakes']
155,155,['dish'],"['[2.0, 115.0, 1198.0, 1452.0]']",/home/malav/Downloads/datasets/pp_dataset/data_to_test/images/0155.png,0155_mask.png,['Grilled_vegetables']
156,156,['dish'],"['[0.0, 0.0, 1126.0, 1457.0]']",/home/malav/Downloads/datasets/pp_dataset/data_to_test/images/0156.png,0156_mask.png,['Oven_roast_potato']
157,157,['dish'],"['[0.0, 69.0, 1200.0, 1531.0]']",/home/malav/Downloads/datasets/pp_dataset/data_to_test/images/0157.png,0157_mask.png,['Hard_boiled_eggs']
158,158,['dish'],"['[47.0, 0.0, 1153.0, 1540.0]']",/home/malav/Downloads/datasets/pp_dataset/data_to_test/images/0158.png,0158_mask.png,['Local_sausages']
159,159,['dish'],"['[0.0, 171.0, 1060.0, 1121.0]']",/home/malav/Downloads/datasets/pp_dataset/data_to_test/images/0159.png,0159_mask.png,['Baguette']
160,160,['dish'],"['[0.0, 196.0, 1191.0, 1295.0]']",/home/malav/Downloads/datasets/pp_dataset/data_to_test/images/0160.png,0160_mask.png,['Farmers_bread']
161,161,['dish'],"['[14.0, 196.0, 1173.0, 1197.0]']",/home/malav/Downloads/datasets/pp_dataset/data_to_test/images/0161.png,0161_mask.png,['Sonnenigel_Bread']
162,162,['dish'],"['[74.0, 141.0, 1039.0, 1173.0]']",/home/malav/Downloads/datasets/pp_dataset/data_to_test/images/0162.png,0162_mask.png,['Three-grain_baguette']
163,163,['dish'],"['[25.0, 147.0, 1175.0, 1233.0]']",/home/malav/Downloads/datasets/pp_dataset/data_to_test/images/0163.png,0163_mask.png,['Pro_Boddy_Bread']
164,164,['dish'],"['[134.0, 166.0, 995.0, 1287.0]']",/home/malav/Downloads/datasets/pp_dataset/data_to_test/images/0164.png,0164_mask.png,['Breakfast_Cous_Cous']
165,165,['dish'],"['[104.0, 135.0, 987.0, 1294.0]']",/home/malav/Downloads/datasets/pp_dataset/data_to_test/images/0165.png,0165_mask.png,['Hard_boiled_eggs']
166,166,['dish'],"['[32.0, 38.0, 1148.0, 1502.0]']",/home/malav/Downloads/datasets/pp_dataset/data_to_test/images/0166.png,0166_mask.png,['Nuremberg_sausages_']
167,167,['dish'],"['[98.0, 57.0, 1018.0, 1323.0]']",/home/malav/Downloads/datasets/pp_dataset/data_to_test/images/0167.png,0167_mask.png,['Teriyaki_vegetables']
168,168,['dish'],"['[102.0, 203.0, 824.0, 1297.0]']",/home/malav/Downloads/datasets/pp_dataset/data_to_test/images/0168.png,0168_mask.png,['Grilled_mushrooms']
169,169,['dish'],"['[61.0, 71.0, 1088.0, 1477.0]']",/home/malav/Downloads/datasets/pp_dataset/data_to_test/images/0169.png,0169_mask.png,['Hash_browns']
170,170,['dish'],"['[60.0, 48.0, 1032.0, 1433.0]']",/home/malav/Downloads/datasets/pp_dataset/data_to_test/images/0170.png,0170_mask.png,['Kaiserschmarren']
171,171,['dish'],"['[56.0, 8.0, 1140.0, 1525.0]']",/home/malav/Downloads/datasets/pp_dataset/data_to_test/images/0171.png,0171_mask.png,['Local_sausages']
172,172,['dish'],"['[104.0, 113.0, 1020.0, 1401.0]']",/home/malav/Downloads/datasets/pp_dataset/data_to_test/images/0172.png,0172_mask.png,['Scrambled_eggs']
173,173,['dish'],"['[0.0, 45.0, 1200.0, 1261.0]']",/home/malav/Downloads/datasets/pp_dataset/data_to_test/images/0173.png,0173_mask.png,['Baguette']
174,174,['dish'],"['[56.0, 141.0, 1144.0, 1303.0]']",/home/malav/Downloads/datasets/pp_dataset/data_to_test/images/0174.png,0174_mask.png,['Pro_Boddy_Bread']
175,175,['dish'],"['[0.0, 115.0, 1200.0, 1348.0]']",/home/malav/Downloads/datasets/pp_dataset/data_to_test/images/0175.png,0175_mask.png,['Sonnenigel_Bread']
176,176,['dish'],"['[11.0, 117.0, 1189.0, 1285.0]']",/home/malav/Downloads/datasets/pp_dataset/data_to_test/images/0176.png,0176_mask.png,['Three-grain_baguette']
177,177,['dish'],"['[0.0, 59.0, 1140.0, 1524.0]']",/home/malav/Downloads/datasets/pp_dataset/data_to_test/images/0177.png,0177_mask.png,['Bacon']
178,178,['dish'],"['[0.0, 0.0, 1151.0, 1517.0]']",/home/malav/Downloads/datasets/pp_dataset/data_to_test/images/0178.png,0178_mask.png,['Scrambled_eggs']
179,179,['dish'],"['[3.0, 0.0, 1192.0, 1549.0]']",/home/malav/Downloads/datasets/pp_dataset/data_to_test/images/0179.png,0179_mask.png,['Egg_Benedict']
180,180,['dish'],"['[3.0, 0.0, 1192.0, 1549.0]']",/home/malav/Downloads/datasets/pp_dataset/data_to_test/images/0180.png,0180_mask.png,['Egg_Benedict']
181,181,['dish'],"['[61.0, 28.0, 1134.0, 1483.0]']",/home/malav/Downloads/datasets/pp_dataset/data_to_test/images/0181.png,0181_mask.png,['Nuremberg_sausages_']
182,182,['dish'],"['[13.0, 37.0, 1182.0, 1534.0]']",/home/malav/Downloads/datasets/pp_dataset/data_to_test/images/0182.png,0182_mask.png,['Oven_roast_potato']
183,183,['dish'],"['[0.0, 0.0, 1200.0, 1547.0]']",/home/malav/Downloads/datasets/pp_dataset/data_to_test/images/0183.png,0183_mask.png,['Scrambled_eggs']
184,184,['dish'],"['[116.0, 108.0, 999.0, 1364.0]']",/home/malav/Downloads/datasets/pp_dataset/data_to_test/images/0184.png,0184_mask.png,['Bacon']
185,185,['dish'],"['[79.0, 66.0, 1058.0, 1365.0]']",/home/malav/Downloads/datasets/pp_dataset/data_to_test/images/0185.png,0185_mask.png,['Kaiserschmarren']
186,186,['dish'],"['[47.0, 47.0, 1129.0, 1417.0]']",/home/malav/Downloads/datasets/pp_dataset/data_to_test/images/0186.png,0186_mask.png,['Breakfast_Cous_Cous']
187,187,['dish'],"['[88.0, 84.0, 1112.0, 1474.0]']",/home/malav/Downloads/datasets/pp_dataset/data_to_test/images/0187.png,0187_mask.png,['Teriyaki_vegetables']
188,188,['dish'],"['[170.0, 6.0, 967.0, 1594.0]']",/home/malav/Downloads/datasets/pp_dataset/data_to_test/images/0188.png,0188_mask.png,['Farmers_bread']
189,189,['dish'],"['[24.0, 213.0, 1061.0, 1159.0]']",/home/malav/Downloads/datasets/pp_dataset/data_to_test/images/0189.png,0189_mask.png,['Sonnenigel_Bread']
190,190,['dish'],"['[14.0, 130.0, 1101.0, 1203.0]']",/home/malav/Downloads/datasets/pp_dataset/data_to_test/images/0190.png,0190_mask.png,['Pro_Boddy_Bread']
191,191,['dish'],"['[17.0, 61.0, 1178.0, 1275.0]']",/home/malav/Downloads/datasets/pp_dataset/data_to_test/images/0191.png,0191_mask.png,['Three-grain_baguette']
192,192,['dish'],"['[143.0, 103.0, 1032.0, 1084.0]']",/home/malav/Downloads/datasets/pp_dataset/data_to_test/images/0192.png,0192_mask.png,['Baguette']
193,193,['dish'],"['[103.0, 133.0, 1025.0, 1432.0]']",/home/malav/Downloads/datasets/pp_dataset/data_to_test/images/0193.png,0193_mask.png,['Nuremberg_sausages_']
194,194,['dish'],"['[127.0, 128.0, 961.0, 1412.0]']",/home/malav/Downloads/datasets/pp_dataset/data_to_test/images/0194.png,0194_mask.png,['Hash_browns']
195,195,['dish'],"['[47.0, 40.0, 1069.0, 1521.0]']",/home/malav/Downloads/datasets/pp_dataset/data_to_test/images/0195.png,0195_mask.png,['Pancakes']
196,196,['dish'],"['[154.0, 58.0, 989.0, 1447.0]']",/home/malav/Downloads/datasets/pp_dataset/data_to_test/images/0196.png,0196_mask.png,['Bacon']
197,197,['dish'],"['[57.0, 63.0, 1058.0, 1423.0]']",/home/malav/Downloads/datasets/pp_dataset/data_to_test/images/0197.png,0197_mask.png,['Scrambled_eggs']
198,198,['dish'],"['[50.0, 183.0, 973.0, 1392.0]']",/home/malav/Downloads/datasets/pp_dataset/data_to_test/images/0198.png,0198_mask.png,['Grilled_vegetables']
